---
title: mysql安装库表和基础操作
tags: mysql
book: mysql
---

[mysql下载地址](https://dev.mysql.com/downloads/mysql/)

无脑下一步安装即可,需要注意的是,安装过程中输入的起始密码,后面登录mysql服务时会用到的.

## mac 环境配置

进去 系统偏好设置-MySQL-configuration,可以看到mysql的安装目录是`/usr/local/mysql`.

```sh
vim ~/.bash_profile
```

把mysql的命令加入环境变量:

```sh
PATH=$PATH:/usr/local/mysql/bin
```

```sh
source ~/.bash_profile
```

## ContOS 环境配置

[菜鸟教程的安装步骤](https://www.runoob.com/mysql/mysql-install.html)挺好的.

1. 先看下,是否自带安装MySQL:

```
rpm -qa | grep mysql
```

2. 有的话先卸载:

```
rpm -e mysql　　// 普通删除模式
rpm -e --nodeps mysql　　// 强力删除模式，如果使用上面命令删除时，提示有依赖的其它文件，则用该命令可以对其进行强力删除
```

3. 安装MySQL:

```
wget http://repo.mysql.com/mysql-community-release-el7-5.noarch.rpm
rpm -ivh mysql-community-release-el7-5.noarch.rpm
yum update  // 非强制更新
yum install mysql-server
```

4. 启动MySQL:

```
systemctl start mysqld
systemctl status mysqld  // 查看MySQL的运行状态
```

5. 查看版本和设置密码

```
mysqladmin --version
mysqladmin -u root password "new_password";
```

## 登录客户端

尝试登录下(密码为安装时设置的密码):

```sh
mysql -u root -p
```

正常登录是隐藏密码登录的,但是如果你就是要明码登录,可以这样:

```sh
mysql -u root -p123456
```

当显示`mysql>`时,代表登录成功.退出客户端可以用下面任何命令
1. `quit`
2. `exit`
3. `\q`

## 基础操作

当输入一个命令后,必须要用`;`或者`\g`或者`\G`结尾,否则mysql会傻傻的等待命令结束:

```
mysql> select now();
+---------------------+
| now()               |
+---------------------+
| 2021-11-24 12:02:06 |
+---------------------+
1 row in set (0.00 sec)
```

等同于:

```
mysql> select
    -> now()
    -> ;
+---------------------+
| now()               |
+---------------------+
| 2021-11-24 12:02:58 |
+---------------------+
1 row in set (0.00 sec)
```

使用`\c`放弃本次操作:

```
mysql> SELECT NOW()\c
mysql>
```

### 下载安装 Navicat Premium 作为连接调试mysql的工具.

## 数据类型

### 整数类型:
* TINYINT
* SMALLINT
* MEDIUMINT
* INT（别名：INTEGER)
* BIGINT

### 浮点数类型:
* FLOAT
* DOUBLE

### 日期和时间类型

* `YEAR`-1901~2155-年份值
* `DATE`-'1000-01-01' ~ '9999-12-31'-日期值
* `TIME`-'-838:59:59' ~ '838:59:59'-时间值
* `DATETIME`-'1000-01-01 00:00:00' ～ '9999-12-31 23:59:59'-日期加时间值
* `TIMESTAMP`-'1970-01-01 00:00:01' ～ '2038-01-19 03:14:07'-时间戳

### 字符串类型

* `CHAR(M)` M个字符,固定长度的字符串
* `VARCHAR(M)` M个字符,	可变长度的字符串
* `TINYTEXT` 非常小型的字符串
* `TEXT`
* `MEDIUMTEXT`
* `LONGTEXT`

### ENUM类型和SET类型

ENUM枚举就是从指定的值里面选择某一个值,例如男女中选择男还是女.

SET是从指定的值里面选择一个或者多个值.

---

先登录mysql客户端.

## 数据库的基本操作

### 查看数据库

```
SHOW DATABASES;
```

### 创建数据库

```
CREATE DATABASE test;
```

`SHOW DATABASES;`查看数据库,发现已经创建好了,如果再次创建`test`数据库就会报错.

可以加上判断条件去创建:

```
CREATE DATABASE IF NOT EXISTS test;
```

意思是如果指定的数据库不存在的话就创建它，否则什么都不做.

### 切换当前数据库

```
USE test;
```
如果退出mysql的话,再进入是需要再次选择数据库的,可以登录的时候把数据库加到后面快捷登录.
```
mysql -u root -p test
```


### 删除数据库

```
DROP DATABASE test;
```

当然,也可以使用`IF NOT EXIST`去删除.

## 表的基本操作

选切换到新建立的`test`数据库.

### 展示当前表

```
mysql> SHOW TABLES;
Empty set (0.00 sec)
```

当前还没有数据,自然是空的.

### 建表

```
CREATE TABLE 表名 (
    列名1    数据类型    [列的属性],
    列名2    数据类型    [列的属性],
    ...
    列名n    数据类型    [列的属性]
);
```

照着这种格式,创建下:

```
mysql> CREATE TABLE first_table (
    ->     first_column INT,
    ->     second_column VARCHAR(100)
    -> );
```

命令行输出`Query OK, 0 rows affected (0.06 sec)`以为创建成功,耗时0.06秒.affected(收到影响)

建表的时候也可以添加注释:

```
CREATE TABLE 表名 (
    各个列的信息 ...
) COMMENT '表的注释信息';
```

### 删除表

```
DROP TABLE 表1, 表2, ..., 表n;
```

### 查看表结构

```
DESCRIBE 表名;
DESC 表名;
EXPLAIN 表名;
SHOW COLUMNS FROM 表名;
SHOW FIELDS FROM 表名;
```

这几种查询方式效果是一样的.

还可以这样查询:

```
SHOW CREATE TABLE first_table;
```

输出:

```
first_table | CREATE TABLE `first_table` (
  `first_column` int DEFAULT NULL,
  `second_column` varchar(100) DEFAULT NULL
) ENGINE=InnoDB DEFAULT CHARSET=utf8mb4 COLLATE=utf8mb4_0900_ai_ci COMMENT='第一个表'
```

这种查询会展示表的一些属性,例如储存引擎和默认字符集等等.

### 对非当前库的表的操作

假如我们现在不在`test`数据下,但是想看`test`下有哪些表,可以用:

```
HOW TABLES FROM test;
```

如果想对其他数据库的表进行参考的话,可以这样指明:**数据库名.表名**.

### 修改表名

```
ALTER TABLE 旧表名 RENAME TO 新表名;
```

还可以批量修改表名:

```
RENAME TABLE 旧表名1 TO 新表名1, 旧表名2 TO 新表名2, ... 旧表名n TO 新表名n;
```

>如果在修改表名的时候指定了数据库名，还可以将该表转移到对应的数据库下.


### 增加列
用法:

```
ALTER TABLE 表名 ADD COLUMN 列名 数据类型 [列的属性];
```

尝试给一个表新增个列:

```
ALTER TABLE test_table add column test CHAR(4);
```

把新增的列插入到第一列:

```
ALTER TABLE test_table add column test1 CHAR(4) first;
```

添加到指定列的后边:

```
ALTER TABLE 表名 ADD COLUMN 列名 列的类型 [列的属性] AFTER 指定列名;
```

### 删除列

```
ALTER TABLE 表名 DROP COLUMN 列名;
```

### 修改列信息
有2种修改方式:

1. 修改列内容但是不修改列名:

```
ALTER TABLE 表名 MODIFY 列名 新数据类型 [新属性];
```

2. 修改列名,同时修改列属性:

```
ALTER TABLE 表名 CHANGE 旧列名 新列名 新数据类型 [新属性];
```

需要注意的是,列的类型和属性要兼容本有的数据,如果本来是`VARCHAR(100)`,改成了`VARCHAR(2)`.这有可能会因为原有的数据格式错误导致修改失败.

### 修改列排列位置
1. 将列设为表的第一列:

```
ALTER TABLE 表名 MODIFY 列名 列的类型 列的属性 FIRST;
```

2. 将列放到指定列的后边:

```
ALTER TABLE 表名 MODIFY 列名 列的类型 列的属性 AFTER 指定列名;
```

### 一条语句中包含多个修改操作

```
ALTER TABLE 表名 操作1, 操作2, ..., 操作n;
```





