---
title: mysql之简单的查询和带条件的查询
tags: mysql
book: mysql
---

## 准备工作

要写查询例子,就得先有数据.写个学生信息表`student_info`和学生成绩表`student_score`,并往里面加数据:

**学生基本信息表的结构**

```shell
CREATE TABLE student_info (
  number INT PRIMARY KEY,
  name VARCHAR(5),
  sex ENUM('男', '女'),
  id_number CHAR(18),
  department VARCHAR(30),
  major VARCHAR(30),
  enrollment_time DATE,
  UNIQUE KEY (id_number)
);
```

**学生成绩表的结构**

```shell
CREATE TABLE student_score (
  number INT,
  subject VARCHAR(30),
  score TINYINT,
  PRIMARY KEY (number, subject),
  CONSTRAINT FOREIGN KEY(number) REFERENCES student_info(number)
);
```

**加数据**

```
INSERT INTO student_info(number, name, sex, id_number, department, major, enrollment_time) VALUES
  (20180101, '杜子腾', '男', '158177199901044792', '计算机学院', '计算机科学与工程', '2018-09-01'),
  (20180102, '杜琦燕', '女', '151008199801178529', '计算机学院', '计算机科学与工程', '2018-09-01'),
  (20180103, '范统', '男', '17156319980116959X', '计算机学院', '软件工程', '2018-09-01'),
  (20180104, '史珍香', '女', '141992199701078600', '计算机学院', '软件工程', '2018-09-01'),
  (20180105, '范剑', '男', '181048199308156368', '航天学院', '飞行器设计', '2018-09-01'),
  (20180106, '朱逸群', '男', '197995199501078445', '航天学院', '电子信息', '2018-09-01');
```

```
INSERT INTO student_score (number, subject, score) VALUES
(20180101, '母猪的产后护理', 78),
(20180101, '论萨达姆的战争准备', 88),
(20180102, '母猪的产后护理', 100),
(20180102, '论萨达姆的战争准备', 98),
(20180103, '母猪的产后护理', 59),
(20180103, '论萨达姆的战争准备', 61),
(20180104, '母猪的产后护理', 55),
(20180104, '论萨达姆的战争准备', 46);
```

## 查询单个列

```
SELECT 列名 FROM 表名;
```

```
mysql> SELECT number FROM student_info;
+----------+
| number   |
+----------+
| 20180104 |
+----------+
6 rows in set (0.00 sec)
```

查询还可以使用别名查询:

```
mysql> SELECT number AS 学号 FROM student_info;
+----------+
| 学号     |
+----------+
| 20180104 |
+----------+
6 rows in set (0.00 sec)
```

> AS是可选的,不写的话用空格代替也是能查到的.

## 查询多个列

```
SELECT 列名1, 列名2, ... 列名n FROM 表名;
```

* 依旧可以使用`AS`别名.
* 查询展示的列的位置完全按照书写顺序,甚至可以写多个同名列.

## 查询所有列

```
SELECT * FROM 表名;
```

## 结果去重

### 去除单列的重复结果

```
SELECT DISTINCT 列名 FROM 表名;
```

```
mysql> SELECT DISTINCT department FROM student_info;
+-----------------+
| department      |
+-----------------+
| 计算机学院      |
| 航天学院        |
+-----------------+
```

### 去除多列的重复结果
多列重复的意思是,每个列的值都一致,算为重复.

```
SELECT DISTINCT 列名1, 列名2, ... 列名n  FROM 表名;
```

## 限制查询结果条数

在查询语句结尾加上`LIMIT`:

```
查询语句 LIMIT 开始行, 限制条数;
```

```
SELECT * FROM student_info LIMIT 0, 2;
```

结果为查到表中的前2条数据.

如果指定的**开始行**大于结果中的行数，那查询结果就什么都没有,例如`LIMIT 100, 2;`查询到的是0.

## 按照单个列的值排序

```
ORDER BY 列名 ASC|DESC
```

**ASC**是由小到大,也叫**升序**,**DESC**由大到小,也叫**降序**.

```shell
mysql> SELECT * FROM student_score ORDER BY score ASC;
+----------+-----------------------------+-------+
| number   | subject                     | score |
+----------+-----------------------------+-------+
| 20180104 | 论萨达姆的战争准备          |    46 |
| 20180104 | 母猪的产后护理              |    55 |
| 20180103 | 母猪的产后护理              |    59 |
| 20180103 | 论萨达姆的战争准备          |    61 |
| 20180101 | 母猪的产后护理              |    78 |
| 20180101 | 论萨达姆的战争准备          |    88 |
| 20180102 | 论萨达姆的战争准备          |    98 |
| 20180102 | 母猪的产后护理              |   100 |
+----------+-----------------------------+-------+
8 rows in set (0.01 sec)
```

## 多个列的值进行排序

多个排序列之间用逗号 `,` 隔开就好了:

```
ORDER BY 列1 ASC|DESC, 列2 ASC|DESC ...
```

先按照`subjuect`排序,再按照`score`:

```
mysql> SELECT * FROM student_score ORDER BY subject, score DESC;
+----------+-----------------------------+-------+
| number   | subject                     | score |
+----------+-----------------------------+-------+
| 20180102 | 母猪的产后护理              |   100 |
| 20180101 | 母猪的产后护理              |    78 |
| 20180103 | 母猪的产后护理              |    59 |
| 20180104 | 母猪的产后护理              |    55 |
| 20180102 | 论萨达姆的战争准备          |    98 |
| 20180101 | 论萨达姆的战争准备          |    88 |
| 20180103 | 论萨达姆的战争准备          |    61 |
| 20180104 | 论萨达姆的战争准备          |    46 |
+----------+-----------------------------+-------+
8 rows in set (0.00 sec)
```

> 如果`ORDER BY`排序和`LIMIT`配合使用,`ORDER BY` 语句必须放在 `LIMIT` 语句前边.

---

## 简单比较搜索条件

其实就是`WHERE`子句配合条件符号,例如:

```shell
SELECT * FROM student_info WHERE name = '范剑';
```

列举些常用的操作符:

|操作符|示例|描述|
|-|---|---|
|=|a = b|a等于b|
|<>或者!=|a <> b|a不等于b|
|<|a < b|a小于b|
|<=|a <= b|a小于或等于b|
|>|a > b|a大于b|
|>=|a >= b|a大于或等于b|
|BETWEEN|	a BETWEEN b AND c|满足 b <= a <= c|
|NOT BETWEEN|a NOT BETWEEN b AND c|不满足 b <= a <= c|

这里面`BETWEEN`和`NOT BETWEEN`稍稍不那么常见,举个例子.  

假如要查询学号在`20180102`~`20180104`间的学生信息:

```
SELECT * FROM student_info WHERE number BETWEEN 20180102 AND 20180104;
```
相反,查找不在这个区间内的值,就用`NOT BETWEEN`.

## 匹配列表中的元素

|操作符|示例|描述|
|-|---|---|
|IN|	a IN (b1, b2, ...)|a是b1, b2, ... 中的某一个|
|NOT IN|a NOT IN (b1, b2, ...)|a不是b1, b2, ... 中的任意一个|

```
SELECT * FROM student_info WHERE major IN ('软件工程', '飞行器设计');
```

## 匹配`NULL`值

NULL值不能用`=`去判断,需要专门的操作符,`IS NULL`和`IS NOT NULL`.

### AND操作符

```
SELECT * FROM student_score WHERE subject = '母猪的产后护理' AND score > 75;
```

要同时满足`subject = '母猪的产后护理'`和`score > 75`的数据会被找出来.

### OR操作符

或者.满足其中一个搜索条件即可.

## AND和OR的组合查询

```
mysql> SELECT * FROM student_score WHERE score > 95 OR score < 55 AND subject = '论萨达姆的战争准备';
+----------+-----------------------------+-------+
| number   | subject                     | score |
+----------+-----------------------------+-------+
| 20180102 | 母猪的产后护理              |   100 |
| 20180102 | 论萨达姆的战争准备          |    98 |
| 20180104 | 论萨达姆的战争准备          |    46 |
+----------+-----------------------------+-------+
3 rows in set (0.00 sec)
```

想找的是成绩大于95或者小于55,并且学科是论萨达姆的战争准备的数据.但是第一条数据是错的.这是因为`AND`的优先级高于`OR`.

所以真实的搜索情况是`score > 95`或者`score < 55 AND subject = '论萨达姆的战争准备'`.

所以,需要用`()`来保证搜索条件的顺序.

```shell
SELECT * FROM student_score WHERE (score > 95 OR score < 55) AND subject = '论萨达姆的战争准备';
```

## 通配符

|操作符|示例|描述|
|-|---|---|
|LIKE|a LIKE b|a匹配b|
|NOT LIKE|a NOT LIKE b|a不匹配b|

通配符用符号代替字符搜索:

1. `%`: 代表任意一个字符**串**,支持匹配0~N个字符.
`name LIKE '杜%';`可以找到杜子腾,杜子腾,杜123...,找名字里只要有香的,可以`'%香%'`.(找到史珍香)
2. `_`: 代表任意一个字符.

## 转义通配符

如果数据流里面的值里就带`'%'`和`'_'`的字符串,就要用`'\%'`和`'\_'`:

```
SELECT number, name, id_number, major FROM student_info WHERE name LIKE '范\_';
```

